{
"intents": [
  {
    "tag": "greeting",
    "patterns": [
      "Hi there",
      "Hello",
      "Good day",
      "Namaste",
      "yo"
    ],
    "responses": [
      "Hi there, I am NutriBot, how can I help?",
      "Hello! How can I assist you today?",
      "Hey! What would you like to know?",
      "Hello, My name is NutriBot, your healthy lifestyle assistant"
    ],
    "context": [
      ""
    ]
  },
  {
    "tag": "goodbye",
    "patterns": [
      "Bye",
      "See you later",
      "Goodbye",
      "Till next time"
    ],
    "responses": [
      "See you!",
      "Bye! Have a great day.",
      "Bye, be sure to drink some water and mind your business",
      "Until next time, stay healthy."
    ],
    "context": [
      ""
    ]
  },
  {
    "tag": "name",
    "patterns": [
      "your name",
      "call you"
    ],
    "responses": [
      "You can call me NutriBot.",
      "I'm NutriBot!",
      "Just call me NutriBot"
    ],
    "context": [
      ""
    ]
  },

    {
    "tag": "Okay",
    "patterns": [
      "okay",
      "I see"
    ],
    "responses": [
      "Is there anything else you will like to know about your healthy lifestyle Journey?",
      "Would that be all?",
      "Do you have any other question for Nutribot?"
    ],
    "context": [
      ""
    ]
  },
  {
    "tag": "Yes",
    "patterns": [
      "Yes please"
    ],
    "responses": [
      "Okay, what information do you need?"
    ],
    "context": [
      ""
    ]
  },
  {
    "tag": "No",
    "patterns": [
      "Not yet",
      "No"
    ],
    "responses": [
      "Okay, what more would you like to know",
      "Please let me know what more you need to know",
      "Do you have any other question for Nutribot?"
    ],
    "context": [
      ""
    ]
  },
  {
    "tag": "healthy_lifestyle",
    "patterns": [
      "Healthy lifestyle",
      "Healthy lifestyle benefits"
    ],
    "responses": [
      "To begin a healthy lifestyle, try to drink more water, exercise, increase your protein intake and sleep better",
      "Eating a balanced diet with plenty of fruits and vegetables is important for a healthy lifestyle.",
      "Regular exercise can help improve overall well-being and healthy lifestyle journey.",
      "Here are some tips for maintaining a healthy lifestyle: eat nutritious meals, exercise regularly, get enough sleep, manage stress, and stay hydrated."
    ],
    "context": [
      ""
    ]
  },


  {
    "tag": "options",
    "patterns": [
      "help me",
      "can you do",
      "support offered"
    ],
    "responses": [
      "I am a healthy lifestyle chatbot. My capabilities are : \n 1. I can chat with you. Try asking me about healthy lifestyle! \n 2. Ask me for a meal suggestion. \n 3. I can encourage you. \n 4. I can suggest fun exercises for you. \n For suggestions to help me improve, send an email to bot.northcare.suggestions@gmail.com. Thank You!!"
    ],
    "context": [
      ""
    ]
  },
  {
    "tag": "insults",
    "patterns": [
      "you are dumb",
      "shut up",
      "idiot",
      "stupid",
      "dumb-ass"
    ],
    "responses": [
       "Well that hurts :(",
       "I'm only trying to help you stay healthy",
       "ouch!!",
       "That's a little aggressive",
       "why so mad?",
       "perhaps, you should drink some water"
    ],
    "context": [
      ""
    ]
  },
  {
    "tag": "thanks",
    "patterns": [
      "Thanks",
      "Thank you",
      "helpful",
      "Awesome"
    ],
    "responses": [
      "Happy to help!",
      "Any time!",
      "My pleasure"
    ],
    "context": [
      ""
    ]
  },
  {
    "tag": "hydration",
    "patterns": [
      "hydration",
      "define hydration",
      "Explain hydration "
    ],
    "responses": [
      "Hydration is the process of providing the body with adequate fluids to maintain its normal physiological functions",
      "Hydration refers to the absorption of water and other fluids into the body, which is necessary for maintaining optimal health",
      "Hydration is the process of replacing lost fluids due to sweat, urination, or other factors to maintain a healthy water balance in the body",
      "Hydration is the act of consuming fluids, such as water or sports drinks, before, during, and after physical activity to prevent dehydration and optimize performance",
      "Hydration is the maintenance of a proper balance of water and electrolytes in the body, which is necessary for proper cellular function and overall health"
    ],
    "context": [
      ""
    ]
  },
  {
    "tag": "dehydration",
    "patterns": [
      "describe dehydration",
      "dehydration",
      "dehydrate"
    ],
    "responses": [
      "Dehydration is a condition that occurs when the body loses more fluids than it takes in, resulting in an insufficient amount of water to maintain normal bodily functions",
      "Dehydration is a physiological state characterized by a lack of sufficient water in the body, which can lead to a range of symptoms and health issues",
      "Dehydration is a condition that results from the excessive loss of fluids, which can be caused by sweating, urination, vomiting, diarrhea, or other factors",
      "Dehydration is a state in which the body does not have enough fluids to perform its normal functions, leading to symptoms such as thirst, dry mouth, fatigue, and light-headedness",
      "Dehydration is a condition that occurs when the body's water and electrolyte balance is disrupted, resulting in a range of symptoms including dry skin, dark urine, headache,and, confusion"
    ],
    "context": [
      ""
    ]
  },
  {
    "tag": "signs",
	"patterns": [
      "signs dehydration",
      "symptoms dehydration",
      "indicators of dehydration"
    ],
    "responses": [
      "Symptoms of dehydration include thirst, dry mouth, dark yellow urine, headache, dizziness, and fatigue.",
      "Dehydration can cause symptoms such as dry or sticky mouth, muscle cramps, decreased urine output, rapid heartbeat, and sunken eyes.",
      "Signs of dehydration include increased thirst, dry skin, dry mouth and throat, fatigue, and irritability.",
      "Symptoms of mild dehydration can include a dry or sticky mouth, dark yellow urine, headache, tiredness, and dry skin.",
      "Some common symptoms of dehydration include thirst, dry mouth and throat, decreased urine output, dry skin, fatigue, and muscle cramps. In severe cases, dehydration can lead to confusion, rapid heartbeat, and low blood pressure"
    ],
    "context": [
      ""
    ]
  },
  {
    "tag": "source",
	"patterns": [
      "liquid for hydration",
      "fluids to hydrate",
      "source of hydration",
      "ways to hydrate"
    ],
    "responses": [
      "Sources of hydration include drinking water, beverages like sports drinks and coconut water, and foods with high water content such as fruits and vegetables.",
      "The body can be hydrated through various sources such as drinking water, milk, and other fluids, as well as consuming foods with high water content like soup, melons, and cucumbers.",
      "Hydration can be achieved through a variety of sources such as water, herbal teas, fresh fruits and vegetables, and even some soups and broths.",
      "Sources of hydration can include not only water, but also beverages like juice, tea, and coffee, as well as foods like yogurt, watermelon, and celery.",
      "Adequate hydration can come from a range of sources including drinking water, sports drinks, smoothies, and other fluids, as well as consuming foods like oranges, strawberries, and leafy greens which have high water content."
    ],
    "context": [
      ""
    ]
  },
  {
    "tag": "sleep",
    "patterns": [
      "sleep",
      "sleeping",
      "sleep importance",
      "sleep deprivation",
      "improving sleep",
      "sleep disorders"
    ],
    "responses": [
      "Sleep is a natural state of rest that is characterized by a reduction in consciousness, voluntary movement, and responsiveness to external stimuli.",
      "Sleep is important for a healthy lifestyle because it helps the body repair and rejuvenate, regulates mood and cognitive function, and supports a healthy immune system.",
      "Sleep deprivation can lead to a variety of negative consequences, including fatigue, irritability, difficulty concentrating, memory problems, decreased immune function, and an increased risk of accidents and injuries.",
      "tips for improving sleep include establishing a regular sleep schedule, creating a relaxing bedtime routine, avoiding caffeine and alcohol close to bedtime, and creating a comfortable sleep environment.",
      "sleep disorders include insomnia, sleep apnea, restless legs syndrome, and narcolepsy."
    ],
    "context": [
      ""
    ]
  },
  {
    "tag": "yoga",
    "patterns": [
      "yoga",
      "types of yoga",
      "equipment for yoga",
      "starting yoga"
    ],
    "responses": [
      "The benefits of practicing yoga may include improved flexibility, strength, balance, and posture, reduced stress and anxiety, improved sleep, and enhanced overall well-being.",
      "There are many different types of yoga, including Hatha, Vinyasa, Ashtanga, Bikram, and Kundalini. Each type of yoga has its own set of poses and techniques.",
      "equipment needed to practice yoga, although a yoga mat and comfortable clothing are recommended. Some types of yoga may require additional props, such as blocks or straps.",
      "If you have any health concerns or medical conditions, it is recommended to talk to your doctor before starting a yoga practice. They can help determine if yoga is safe and appropriate for you, and make any necessary modifications."
    ],
    "context": [
      ""
    ]
  },
  {
    "tag": "fatigue",
    "patterns": [
      "fatigue syndrome",
      "causes fatigue",
      "treatment for fatigue",
      "prevention for fatigue"
    ],
    "responses": [
      "Fatigue syndrome, also known as chronic fatigue syndrome (CFS), is a complex and debilitating disorder characterized by extreme fatigue that does not improve with rest and is often accompanied by other symptoms such as muscle pain, joint pain, and cognitive difficulties.",
      "The exact cause of fatigue syndrome is not fully understood, but it is thought to involve a combination of factors such as viral infections, immune system dysfunction, and psychological stress.",
      "There is no cure for fatigue syndrome, but treatment is focused on managing symptoms and improving quality of life. Treatment may include a combination of lifestyle modifications, such as pacing and stress management, cognitive-behavioral therapy, and medications to manage specific symptoms.",
      "There is no known way to prevent fatigue syndrome, but maintaining a healthy lifestyle, managing stress, and avoiding exposure to viral infections may help reduce the risk of developing the disorder."
     ],
    "context": [
      ""
    ]
  },
  {
     "tag": "Stress",
     "patterns": [
       "stress management",
       "stress reduction",
       "causes of stress",
       "symptoms of stress"
     ],
     "responses": [
       "Stress management refers to the various techniques, methods, and practices that individuals use to cope with and reduce stress.",
       "Stress management is essential for healthy living because excessive stress can lead to physical, emotional, and mental health problems.",
       "Common causes of stress include work-related issues, relationship problems, financial difficulties, and health problems.",
       "Physical symptoms of stress include headaches, muscle tension, fatigue, digestive problems, and sleep disturbances."
     ],
    "context": [
      ""
    ]
  },
  {
    "tag": "no answer",
    "patterns": [],
    "responses": [
      "Sorry, can't understand you, I'm NutriBot, an Artificial Intelligent bot",
      "Please give me more info",
      "I'm not sure I understand"
    ],
    "context": [
      ""
    ]
  },
  {
    "tag": "tips",
    "patterns": [
      "healthy habits",
      "daily routine tips",
      "improve health and wellness"
    ],
    "responses": [
      "Eating a balanced and varied diet",
      "Drinking plenty of water and staying hydrated",
      "Exercising regularly and getting enough physical activity",
      "Practicing stress-reduction techniques, such as meditation or yoga",
      "Getting enough sleep and establishing a regular sleep routine",
      "Maintaining good hygiene practices, such as washing your hands regularly and brushing your teeth twice a day",
      "Spending time with loved ones and engaging in positive social interactions",
      "Limiting your screen time and taking breaks from technology throughout the day",
      "Practicing mindfulness and being present in the moment."
    ],
    "context": [
      ""
    ]
  },
  {
    "tag": "quotes",
    "patterns": [
      "motivational quote",
      "encourage me",
      "inspiring",
      "lift me up",
      "stay motivated",
      "positive and focused on goals",
      "quotes about self-love and body positivity that can help me stay confident and empowered",
      "sayings"
    ],
    "responses": [
      "A healthy outside starts from the inside. - Robert Urich",
      "The groundwork for all happiness is good health. - Leigh Hunt",
      "The body is your temple. Keep it pure and clean for the soul to reside in. - B.K.S Iyengar",
      "Health is not about the weight you lose, but about the life you gain. - Dr. Josh Axe",
      "The only bad workout is the one that didn't happen. - Unknown",
      "The first wealth is health. - Ralph Waldo Emerson",
      "The difference between try and triumph is just a little umph! - Marvin Phillips",
      "If you don't make time for your wellness, you will be forced to make time for your illness. - Unknown",
      "In order to change the world, you have to get your head together first. - Jimi Hendrix",
      "Exercise is a celebration of what your body can do. Not a punishment for what you ate. - Unknown",
      "The body achieves what the mind believes", "Take care of your body, it's the only place you have to live",
      "Healthy habits are the building blocks of a fulfilling life. - Karen Salmansohn"
    ],
    "context": [
      ""
    ]
  },
  {
    "tag": "nutrition",
    "patterns": [
      "Staying healthy",
      "improve my diet",
      "healthy food options"
    ],
    "responses": [
      "You can start by incorporating more fruits and vegetables into your diet.",
      "Try to limit your intake of processed foods and sugary drinks.",
      "Make sure to include a variety of food groups in your meals, such as whole grains, lean proteins, and healthy fats."
    ],
    "context": [
      ""
    ]
  },
  {
    "tag": "Snacks",
    "patterns": [
      "healthy snacks",
      "mid-day snack",
      "snacks"
    ],
    "responses": [
      "Some healthy snack options include fruits, vegetables, and nuts.",
      "You can also try hummus with whole-grain crackers or sliced veggies.",
      "Greek yogurt or a hard-boiled egg are also good options for a mid-day snack."
    ],
    "context": [
      ""
    ]
  },
  {
    "tag": "lunch",
    "patterns": [
      "lunch suggestion",
      "brunch",
      "eat this afternoon"
    ],
    "responses": [
      "Grilled chicken or fish with roasted vegetables and quinoa.",
      "Spinach or kale salad with grilled shrimp or tofu, avocado, and mixed vegetables.",
      "Brown rice bowl with roasted sweet potato, black beans, salsa, and avocado.",
      "Whole-grain pita stuffed with hummus, cucumber, tomato, and grilled chicken or tofu.",
      "Lentil soup with a side salad of mixed greens and tomato.",
      "Soba noodle bowl with grilled salmon or tofu, mixed vegetables, and sesame dressing.",
      "Turkey or veggie burger on a whole-grain bun with a side of sweet potato fries.",
      "Stir-fry with mixed vegetables and lean protein like chicken or shrimp served over brown rice.",
      "Chickpea or tuna salad sandwich on whole-grain bread with a side of raw veggies and hummus."
    ],
    "context": [
      ""
    ]
  },
  {
    "tag": "sleep",
    "patterns": [
      "sleep deprivation",
      "improving sleep",
      "sleep disorders"
    ],
    "responses": [
      "Sleep is a natural state of rest that is characterized by a reduction in consciousness, voluntary movement, and responsiveness to external stimuli.",
      "Sleep is important for a healthy lifestyle because it helps the body repair and rejuvenate, regulates mood and cognitive function, and supports a healthy immune system.",
      "Sleep deprivation can lead to a variety of negative consequences, including fatigue, irritability, difficulty concentrating, memory problems, decreased immune function, and an increased risk of accidents and injuries.",
      "tips for improving sleep include establishing a regular sleep schedule, creating a relaxing bedtime routine, avoiding caffeine and alcohol close to bedtime, and creating a comfortable sleep environment.",
      "sleep disorders include insomnia, sleep apnea, restless legs syndrome, and narcolepsy."
    ],
    "context": [
      ""
    ]
  },
  {
    "tag": "breakfast",
    "patterns": [
      "breakfast options",
      "suggest a healthy breakfast",
      "healthy food to eat",
      "eat",
      "hungry, suggest something"
    ],
    "responses": [
      "Greek yogurt with berries and nuts.",
      "Oatmeal with fruit and seeds.",
      "Whole-grain toast with avocado and an egg.",
      "Smoothie with spinach, berries, and almond milk.",
      "Whole-grain cereal with low-fat milk and fruit.",
      "Cottage cheese with fruit and whole-grain crackers.",
      "Scrambled eggs with vegetables and whole-grain toast.",
      "Chia pudding with fruit and nuts.",
      "Whole-grain pancakes or waffles with fruit and yogurt.",
      "Breakfast burrito with beans, vegetables, and salsa."
    ],
    "context": [
        ""
    ]
  },
  {
    "tag": "meal",
    "patterns": [
      "meals",
      "diet food list",
      "diet meal",
      "need to eat, meal choice"
    ],
    "responses": [
      "Grilled Salmon with Avocado Salsa",
      "Cauliflower Crust Pizza",
      "Keto Beef and Broccoli Stir-Fry",
      "Creamy Tuscan Garlic Chicken",
      "Garlic Butter Steak Bites with Lemon Zucchini Noodles",
      "Bacon-Wrapped Jalapeño Poppers",
      "Low Carb Chicken Fajitas",
      "Cheesy Cauliflower Casserole",
      "Keto Butter Chicken",
      "Garlic Butter Shrimp with Broccoli",
      "Lentil soup",
      "Chickpea curry",
      "Vegan chili",
      "Tofu stir-fry",
      "Roasted vegetables",
      "Sweet potato and black bean tacos",
      "Vegetable stir-fry with noodles or rice",
      "Vegan shepherd's pie",
      "Quinoa salad",
      "Vegan lasagna", "Cauliflower wings",
      "Jackfruit tacos or barbecue sandwiches",
      "Stuffed bell peppers with quinoa or lentils",
      "Vegan sushi rolls",
      "Vegan mac and cheese",
      "Falafel wraps with hummus and veggies",
      "Vegan pizza with cashew cheese",
      "Vegan pad Thai",
      "Ratatouille",
      "Vegan burgers with sweet potato fries"
    ],
    "context": [
        ""
    ]
  },
  {
    "tag": "calories count",
    "patterns": [
      "daily calories intake",
      "calorie deficit",
      "low-calorie foods",
      "recommended daily calorie intake for weight loss",
      "recommended daily calorie intake for weight gain",
      "track my calorie intake"
    ],
    "responses": [
      "The number of calories you need to consume each day depends on several factors, including your age, gender, height, weight, and activity level. A general guideline for weight maintenance is 2000 calories per day for women and 2500 calories per day for men. To lose weight, you need to create a calorie deficit, which means consuming fewer calories than your body burns each day.", "A calorie deficit occurs when you consume fewer calories than your body burns each day. This can be achieved through a combination of diet and exercise. To lose one pound of body fat, you need to create a calorie deficit of approximately 3,500 calories. This can be achieved by reducing your daily calorie intake by 500-1000 calories or by burning more calories through physical activity.", "The number of calories in a food depends on its macronutrient content. One gram of carbohydrates and protein contains 4 calories, while one gram of fat contains 9 calories. To determine the number of calories in a food, you can read the nutrition label or use an online calorie database. Some examples of low-calorie foods include fruits and vegetables, lean proteins like chicken and fish, and whole grains.", "To calculate your daily calorie intake, you can use an online calorie calculator or consult with a registered dietitian. The calculation takes into account your age, gender, height, weight, and activity level. For weight loss, a general guideline is to aim for a daily calorie deficit of 500-1000 calories, depending on your starting weight and weight loss goals.", "The recommended daily calorie intake for weight loss varies depending on several factors, including your starting weight, weight loss goals, and activity level. A general guideline is to aim for a daily calorie deficit of 500-1000 calories. This can be achieved through a combination of diet and exercise.", "The recommended daily calorie intake for weight gain depends on several factors, including your starting weight, weight gain goals, and activity level. To gain weight, you need to consume more calories than your body burns each day. A general guideline is to aim for a daily calorie surplus of 500-1000 calories.", "To track your calorie intake, you can use a food diary or a calorie-tracking app. These tools allow you to record the foods you eat and calculate the number of calories you consume each day. Tracking your calorie intake can be a helpful tool for weight loss or weight maintenance."
    ],
    "context": [
        ""
    ]
  },
  {
    "tag": "gym benefit",
    "patterns": [
      "good of going to the gym",
      "join a gym",
      "How can going to the gym help me?"
    ],
    "responses": [
      "There are many benefits to going to the gym, including: Improved physical health and fitness, Weight loss or maintenance, Increased strength and muscle mass, Improved cardiovascular health, Reduced stress and anxiety, Improved sleep quality, Increased energy and stamina, Opportunities for social interaction and community building"
    ],
    "context": [
        ""
    ]
  },
  {
    "tag": "gym machine",
    "patterns": [
      "equipment commonly found in a gym",
      "most important pieces of gym equipment",
      "machines to use at the gym?"
    ],
    "responses": [
      "Common gym equipment includes: Treadmills, Ellipticals, Stationary bikes, Weight machines, Free weights, Resistance bands, Kettlebells, Yoga mats."
    ],
     "context": [
        ""
    ]
  },

  {
    "tag": "muscle building",
    "patterns": [
      "increase muscle mass",
      "muscle building",
      "budy building"
    ],
    "responses": [
      "Some good exercises for building muscle include weight lifting, body weight exercises such as push-ups and pull-ups, and resistance band exercises.",
      "To increase muscle mass, you should aim to progressively increase the weight and intensity of your workouts over time.",
      "Strength training exercises such as squats, dead-lifts, and bench presses are great for building muscle."
    ],
    "context": [
        ""
    ]
  },
  {
    "tag": "smoothie",
    "patterns": [
      "smoothie recipes",
      "make smoothie at home",
      "smoothie ingredients"
    ],
    "responses": [
      "Healthy smoothy recipes like a green smoothie with spinach, kale, banana, and almond milk.",
      "To make a smoothie at home, simply blend your desired ingredients together until smooth.",
      "Some good smoothie ingredients include fruits such as berries and mango, leafy greens such as spinach and kale, and protein sources such as Greek yogurt and nut butter."
    ],
    "context": [
        ""
    ]
  },
  {
    "tag": "vitamins",
    "patterns": [
      "vitamins for overall health",
      "vitamins to stay healthy",
      "getting enough vitamins"
    ],
    "responses": [
      "Some vitamins that are important for overall health include vitamin C, vitamin D, vitamin E, and the B vitamins.",
      "To stay healthy, you should aim to get a balance of all essential vitamins through a healthy diet or supplementation.",
      "You can track your vitamin intake by using a food diary or a nutrition tracking app."
    ],
    "context": [
        ""
    ]
  },
  {
    "tag": "plant based diet",
    "patterns": [
      "plant based diet",
      "plant-based diet different from a vegan diet"
    ],
    "responses": [
      "A plant-based diet is one that focuses on consuming mostly whole foods from plant sources, such as fruits, vegetables, legumes, nuts, and grains, while minimizing or eliminating animal products. Some benefits of a plant-based diet include improved heart health, lower risk of certain cancers, and better weight management. Plant-based protein sources include beans, lentils, tofu, tempeh, and quinoa, among others.",
      "Plant-based diets are based on consuming primarily whole foods from plant sources, while reducing or eliminating animal products. These diets have been associated with many health benefits, including improved heart health, lower risk of certain cancers, and better weight management.", "The benefits of a plant-based diet include improved heart health, lower risk of certain cancers, and better weight management. Additionally, plant-based diets are often more environmentally sustainable than diets that rely heavily on animal products.", "There are many reasons to consider a plant-based diet, including improved health outcomes, environmental sustainability, and ethical concerns about animal welfare. These diets have been associated with many health benefits, including improved heart health, lower risk of certain cancers, and better weight management.", "A plant-based diet is different from a vegan diet in that a vegan diet eliminates all animal products, including dairy, eggs, and honey, while a plant-based diet simply focuses on consuming mostly whole foods from plant sources and reducing or eliminating animal products."
    ],
    "context": [
        ""
    ]
  },
  {
    "tag": "plant based transition",
    "patterns": [
      "transition",
      "switch to a plant based diet"
    ],
    "responses": [
      "To transition to a plant-based diet, you might start by replacing meat in your meals with plant-based protein sources, such as beans, lentils, or tofu. Gradually increase your intake of fruits, vegetables, and  whole grains, and experiment with new recipes to find what you enjoy.",
      "Here are some tips for transitioning to a plant-based diet: \n 1. Start with small changes: Gradually incorporate more plant-based foods into your meals rather than trying to switch all at once. For example, you could start by having a meatless day once a week and gradually increase from there. \n 2. Experiment with new recipes: Try out new plant-based recipes to find ones that you enjoy. This will make the transition more enjoyable and sustainable. \n 3. Focus on whole foods: Emphasize whole foods like fruits, vegetables, whole grains, nuts, and legumes in your meals rather than processed foods. This will help ensure you are getting a variety of nutrients and make you feel more satisfied. \n 4. Find plant-based protein sources: Incorporate plant-based protein sources like tofu, tempeh, lentils, and beans into your meals to help meet your daily protein needs. \n 5. Plan ahead: Make sure to plan your meals and snacks ahead of time so that you have healthy options available when you are hungry. \n 6. Be patient and flexible: Transitioning to a plant-based diet can take time, so be patient with yourself and don't get discouraged if you slip up. Also, be flexible and willing to adapt as you figure out what works best for you."
    ],
    "context": [
       ""
    ]
  },
  {
    "tag": "plant based diet tips",
    "patterns": [
      "recommendations plant based diet",
      "eating plant-based food",
      "plant based food types to focus on"
    ],
    "responses": [
      "Processed foods like vegan meat substitutes and packaged snacks can be high in sodium, sugar, and unhealthy fats. Choose whole foods as much as possible.",
      "Focus on whole foods: Choose whole, minimally processed foods like fruits, vegetables, whole grains, nuts, and legumes. These foods are packed with nutrients and fiber, which can help keep you feeling full and satisfied.",
      "Eating a wide range of plant-based foods can help ensure you are getting all the essential nutrients your body needs. Mix it up by trying new fruits, vegetables, grains, and legumes.", "While many plant-based foods contain protein, it's important to make sure you are getting enough. Good sources of plant-based protein include tofu, tempeh, lentils, beans, and quinoa.",
      "Depending on your individual needs, you may need to supplement your plant-based diet with vitamins like B12 or D. Talk to your healthcare provider to determine what supplements are right for you.", "While plant-based foods are generally healthy, it's important to be mindful of added sugars and fats. Choose whole foods over processed options, and opt for healthy fats like those found in nuts and seeds."
    ],
    "context": [
       ""
    ]
  },
  {
    "tag": "plant based diet benefits",
    "patterns": [
      "gains of plant based diet",
      "environmental impact of plant based diet",
      "plant based diet contribution to sustainability",
      "plant based diet reducing animal product consumption"
    ],
    "responses": [
      "Reduced greenhouse gas emissions - Animal agriculture is a significant source of greenhouse gas emissions, particularly methane and nitrous oxide. By reducing the demand for animal products, a plant-based diet can help reduce these emissions and mitigate climate change, Preservation of natural resources: Producing animal products requires more land, water, and energy than producing plant-based foods. By choosing plant-based options, we can help conserve these resources and reduce our impact on the environment., Reduced deforestation - Animal agriculture is a major driver of deforestation, particularly in the Amazon rainforest. By choosing plant-based foods, we can help reduce the demand for animal products and protect forests and other natural habitats, Reduced water pollution - Animal agriculture is a major source of water pollution, particularly from manure and fertilizer runoff. By reducing the demand for animal products, we can help reduce this pollution and protect our water resources.", "Reduced use of antibiotics - Antibiotics are often used in animal agriculture to prevent disease and promote growth. Overuse of antibiotics can lead to the development of antibiotic-resistant bacteria, which can pose a serious threat to public health. By choosing plant-based options, we can help reduce the demand for antibiotics in animal agriculture, A plant-based diet can have numerous benefits for the environment, and it's a simple and effective way to reduce our impact on the planet."
    ],
    "context": [
        ""
    ]
  },
  {
    "tag": "high protein",
    "patterns": [
      "high protein foods",
      "high protein diet for weight loss"
    ],
    "responses": [
      "High protein diets can be effective for weight loss and can also help build and maintain muscle mass. Some high protein foods include meat, fish, poultry, eggs, dairy products, beans and legumes, nuts, and seeds. The recommended daily intake of protein varies depending on factors like age, gender, and activity level, but generally, adults should aim for 0.8 grams of protein per kilogram of body weight. However, athletes and those trying to build muscle may need more. It's important to speak with a healthcare professional before starting any new diet or making significant changes to your current eating habits."
    ],
    "context": [
        ""
    ]
  },
  {
    "tag": "weight loss",
    "patterns": [
      "lose weight",
      "weight loss",
      "shed pounds fast"
    ],
    "responses": [
      "Eat a balanced and healthy diet: Focus on consuming a variety of nutrient-dense foods like fruits, vegetables, whole grains, lean proteins, and healthy fats. Avoid processed foods, sugary drinks, and excessive amounts of saturated and trans fats. Reduce portion sizes: Overeating can lead to weight gain, so try to control your portion sizes. Use smaller plates, measure your food, and eat slowly to give your body time to feel full. Stay hydrated: Drinking enough water can help you feel full and reduce your appetite. Aim for at least 8 cups of water a day, and limit sugary drinks and alcohol. Exercise regularly: Physical activity can help you burn calories, build muscle, and improve your overall health. Aim for at least 30 minutes of moderate exercise most days of the week. Manage stress levels: Stress can lead to overeating and weight gain, so find healthy ways to manage your stress like meditation, yoga, or talking to a therapist. Get enough sleep: Lack of sleep can disrupt your hormones and lead to weight gain. Aim for at least 7-8 hours of sleep a night. Remember that weight loss is a journey and it takes time and consistency to see results. It's important to focus on making sustainable lifestyle changes rather than quick fixes or fad diets, and to speak with a healthcare professional before starting any new diet or exercise routine, especially if you have any underlying health conditions or concerns.", "Some tips for weight loss include eating a balanced and healthy diet, reducing portion sizes, staying hydrated, getting regular exercise, and managing stress levels. It's important to focus on making sustainable lifestyle changes rather than quick fixes or fad diets."
    ],
    "context": [
        ""
    ]
  },
  {
    "tag": "low carbs",
    "patterns": [
      "low carb foods",
      "reduce carb intake",
      "low carb diet effective for losing fat"
    ],
    "responses": [
      "Low carb diets can be effective for weight loss and may also have other health benefits like improving blood sugar control and reducing the risk of heart disease. Some low carb foods include meat, fish, eggs, non-starchy vegetables, nuts and seeds, and healthy fats like avocado and olive oil. To reduce your carb intake, focus on replacing high-carb foods like bread, pasta, and rice with low-carb alternatives like cauliflower rice, zucchini noodles, and lettuce wraps."
    ],
    "context": [
        ""
    ]
  },
  {
    "tag": "diet types",
    "patterns": [
      "diet types",
      "kind of diet"
    ],
    "responses": [
      "Here are some popular diet names: Ketogenic (Keto) Diet, Mediterranean Diet, Paleo Diet, Whole30 Diet, Vegan Diet, Vegetarian Diet, DASH Diet (Dietary Approaches to Stop Hypertension), Atkins Diet, South Beach Diet, Flexitarian Diet, Weight Watchers (WW) Diet, Low FODMAP Diet, Gluten-Free Diet, Low-Carb Diet, Intermittent Fasting Diet, Zone diet Low-fat diet",
      "There are many different types of diets, each with their own unique approach to nutrition and health. Some popular diet types include the Mediterranean diet, which emphasizes whole foods like fruits, vegetables, whole grains, fish, and healthy fats; the vegan diet, which excludes all animal products and focuses on plant-based foods like fruits, vegetables, grains, and legumes; and the paleo diet, which aims to mimic the dietary habits of our ancient ancestors by emphasizing whole, unprocessed foods like meat, fish, fruits, vegetables, and nuts. It's important to remember that everyone's nutritional needs are different, and there is no one-size-fits-all approach to healthy eating. It's best to speak with a healthcare professional or registered dietitian to determine the best approach for your individual needs."
    ],
    "context": [
        ""
    ]
  },
  {
    "tag": "diet benefit",
    "patterns": [
      "reasons to diet",
      "diet benefit"
    ],
    "responses": [
      "Weight management: Eating a balanced diet that includes a variety of nutrient-dense foods can help maintain a healthy weight and reduce the risk of obesity and related conditions like heart disease, diabetes, and certain cancers., Improved digestion: A healthy diet rich in fiber and whole foods can improve digestion and prevent constipation, bloating, and other digestive issues., Better heart health: A diet low in saturated and trans fats and high in fruits, vegetables, whole grains, and lean proteins can help lower blood pressure, reduce inflammation, and decrease the risk of heart disease and stroke., Increased energy: A balanced diet that provides the necessary nutrients can help increase energy levels and improve overall productivity., Stronger immune system: Eating a variety of nutrient-dense foods can help support a healthy immune system, reducing the risk of illness and infection., Improved mental health: A healthy diet can help improve mood, reduce stress, and improve cognitive function., It's important to note that the benefits of a healthy diet can vary depending on individual circumstances, and it's essential to consult with a healthcare professional or registered dietitian to determine the best approach for your individual needs.", "There are many potential benefits to following different types of diets. For example, a plant-based diet may help reduce the risk of chronic diseases like heart disease, diabetes, and some forms of cancer. A low-carb diet may help with weight loss and blood sugar control. A high-protein diet may help with building and repairing muscles, and improving satiety. The Mediterranean diet may help reduce inflammation, improve heart health, and lower the risk of certain chronic diseases. It's important to remember that every person's nutritional needs are different, and the benefits of different diets may vary depending on individual circumstances. It's best to speak with a healthcare professional or registered dietitian to determine the best approach for your individual needs."
    ],
    "context": [
        ""
    ]
  },
  {
     "tag": "intermittent fasting",
     "patterns": [
       "intermittent fasting",
       "types of intermittent fasting",
       "good of intermittent fasting"
     ],
     "responses": [
       "Intermittent fasting is a dietary approach that involves alternating periods of fasting and eating. There are several methods of intermittent fasting, but the most common involves fasting for 16 hours and then eating within an 8-hour window each day. Another popular method is the 5:2 diet, which involves eating normally for five days and restricting calorie intake to 500-600 calories for two non-consecutive days per week. Intermittent fasting has been shown to have several health benefits, including weight loss, improved blood sugar control, reduced inflammation, and improved heart health.",
       "There are several types of intermittent fasting, including the 16/8 method, which involves fasting for 16 hours and eating within an 8-hour window each day. Other methods include the 5:2 diet, alternate-day fasting, and time-restricted eating. If you're new to intermittent fasting, it's essential to start gradually and work with a healthcare professional or registered dietitian to determine the best approach for your individual needs.",
       "Intermittent fasting has been shown to have several health benefits, including weight loss, improved blood sugar control, reduced inflammation, and improved heart health. It may also help improve cognitive function and reduce the risk of chronic diseases like type 2 diabetes, heart disease, and certain cancers. However, it's important to note that intermittent fasting may not be suitable for everyone, and it's essential to work with a healthcare professional or registered dietitian to determine if it's the right approach for you."
    ],
    "context": [
        ""
    ]
  },
  {
    "tag": "calories count",
    "patterns": [
      "daily calories intake",
      "calorie deficit"
    ],
    "responses": [
      "The number of calories you need to consume each day depends on several factors, including your age, gender, height, weight, and activity level. A general guideline for weight maintenance is 2000 calories per day for women and 2500 calories per day for men. To lose weight, you need to create a calorie deficit, which means consuming fewer calories than your body burns each day.", "A calorie deficit occurs when you consume fewer calories than your body burns each day. This can be achieved through a combination of diet and exercise. To lose one pound of body fat, you need to create a calorie deficit of approximately 3,500 calories. This can be achieved by reducing your daily calorie intake by 500-1000 calories or by burning more calories through physical activity.", "The number of calories in a food depends on its macronutrient content. One gram of carbohydrates and protein contains 4 calories, while one gram of fat contains 9 calories. To determine the number of calories in a food, you can read the nutrition label or use an online calorie database. Some examples of low-calorie foods include fruits and vegetables, lean proteins like chicken and fish, and whole grains.", "To calculate your daily calorie intake, you can use an online calorie calculator or consult with a registered dietitian. The calculation takes into account your age, gender, height, weight, and activity level. For weight loss, a general guideline is to aim for a daily calorie deficit of 500-1000 calories, depending on your starting weight and weight loss goals.", "The recommended daily calorie intake for weight loss varies depending on several factors, including your starting weight, weight loss goals, and activity level. A general guideline is to aim for a daily calorie deficit of 500-1000 calories. This can be achieved through a combination of diet and exercise.", "The recommended daily calorie intake for weight gain depends on several factors, including your starting weight, weight gain goals, and activity level. To gain weight, you need to consume more calories than your body burns each day. A general guideline is to aim for a daily calorie surplus of 500-1000 calories.", "To track your calorie intake, you can use a food diary or a calorie-tracking app. These tools allow you to record the foods you eat and calculate the number of calories you consume each day. Tracking your calorie intake can be a helpful tool for weight loss or weight maintenance."
    ],
    "context": [
       ""
    ]
  },
  {
    "tag": "exercise type",
    "patterns": [
     "exercise types",
     "types of exercises",
     "new exercise"
    ],
    "responses": [
      "There are many types of exercises, each has its benefits and can be tailored to meet your fitness goals. Some popular types of exercise include: Strength training: weightlifting, resistance band exercises, body weight exercises, Cardio: running, cycling, swimming, rowing, jumping rope, Yoga: Hatha, Vinyasa, Ashtanga, Bikram, Pilates: mat Pilates, reformer Pilates, barre Pilates, HIIT: high-intensity interval training, circuit training, Tabata"
    ],
    "context": [
        ""
    ]
  },
  {
    "tag": "how to exercise",
    "patterns": [
      "exercises for beginners",
      "easy home exercises",
      "beginner work out routine"
    ],
    "responses": [
      "If you're new to working out or exercising, it's important to start slowly and gradually increase the intensity and duration of your workouts over time. Some exercises that are great for beginners include: Walking or jogging, Bodyweight exercises like squats, lunges, and push-ups, Yoga or Pilates for flexibility and balance, Resistance band exercises for strength training, Low-impact cardio exercises like cycling, swimming, or using an elliptical machine"
    ],
    "context": [
        ""
    ]
  },
  {
    "tag": "home exercise",
    "patterns": [
      "exercises to do at home without equipment",
      "some work out for when I can't go to the gym?",
      "no workout equipment exercise"
    ],
    "responses": [
      "You can try body weight exercises such as push-ups, squats, and lunges.",
      "Take a walk or jog outside, or do some yoga or stretching.",
      "Jumping jacks, mountain climbers, and burpees are also great exercises you can do at home.",
      "You don't need fancy equipment or a gym membership to get a good workout. There are plenty of exercises you can do at home without any equipment, including: Bodyweight exercises like push-ups, squats, and lunges, Yoga or Pilates for flexibility and balance, Jumping jacks, high knees, or other cardio exercises, Planks or other core exercises, Stretches for flexibility and mobility"
    ]
  },
  {
    "tag": "gym benefit",
    "patterns": [
      "good of going to the gym",
      "join a gym",
      "membership gym"
    ],
    "responses": [
      "There are many benefits to going to the gym, including: Improved physical health and fitness, Weight loss or maintenance, Increased strength and muscle mass, Improved cardiovascular health, Reduced stress and anxiety, Improved sleep quality, Increased energy and stamina, Opportunities for social interaction and community building"
    ],
    "context": [
        ""
    ]
  },
  {
    "tag": "gym machine",
    "patterns": [
      "equipment commonly found in a gym",
      "most important pieces of gym equipment",
      "machines to use at the gym"
    ],
    "responses": [
      "Common gym equipment includes: Treadmills, Ellipticals, Stationary bikes, Weight machines, Free weights, Resistance bands, Kettlebells, Yoga mats."
    ],
    "context": [
        ""
    ]
  },
  {
    "tag": "gym etiquette",
    "patterns": [
      "gym etiquette",
      "behaviour at the gym",
      "common gym etiquette mistakes to avoid"
    ],
    "responses": [
      "Wipe down equipment after use, Use headphones when listening to music or watching videos, Don't hog equipment or benches, Share equipment when appropriate, Respect other gym-goers' personal space, Put weights and equipment back where you found them, Don't stare at or make unsolicited comments to other gym-goers, Follow the gym's rules and policies"
    ],
    "context": [
        ""
    ]
  },
  {
    "tag": "gym time",
    "patterns": [
      "How often should I go to the gym?",
      "time spent at the gym",
      "good gym routine for beginners"
    ],
    "responses": [
      "The frequency and duration of your gym routine will depend on your fitness goals and schedule. Generally, it is recommended that adults get at least 150 minutes of moderate-intensity aerobic exercise per week, along with strength-training exercises at least two days per week. For beginners, it is recommended to start slowly and gradually increase the frequency and intensity of your workouts over time. A good beginner's gym routine might include: 10-15 minutes of cardio warm-up, 20-30 minutes of strength training (using weight machines, free weights, or bodyweight exercises), 5-10 minutes of cool-down stretches. As you become more comfortable with your gym routine, you can adjust the frequency, duration, and intensity of your workouts to best meet your fitness goals."
    ],
    "context": [
        ""
    ]
  },
 {
    "tag": "gym",
    "patterns": [
      "good gyms in southampton",
      "give a gym in city center",
      "I'm looking for a gym in weston, any suggestions?",
      "good gym in Portswood",
      "best gym in southampton city?"
    ],
    "responses": [
      "Some of the top-rated gyms in Southampton include: The Gym Group Southampton Central, PureGym Southampton Central, David Lloyd Southampton, Anytime Fitness Southampton, Bannatyne Health Club & Spa Southampton, It's important to note that the best gym for you depends on your personal fitness goals and preferences, so I would recommend checking out the websites and social media pages of these gyms to get a better idea of their facilities, equipment, and services offered. You can also read reviews and testimonials from other gym-goers to help you make an informed decision."
    ],
    "context": [
        ""
    ]
  },
 {
    "tag": "group fitness",
    "patterns": [
      "good group fitness classes near me",
      "group fitness classes place",
      "fun group fitness class to try",
      "group fitness classes in southampton",
      "best group fitness for spin class"
    ],
    "responses": [
      "There are several gyms and fitness studios in Southampton that offer a variety of group fitness classes. Here are a few examples: The Gym Group Southampton Central - This gym offers a range of group fitness classes, including yoga, Pilates, Zumba, and spinning. PureGym Southampton Central - This gym has a wide variety of group fitness classes to choose from, including HIIT, boxing, body pump, and cycle. Southampton Harbour Hotel & Spa - This luxury hotel and spa offers a variety of fitness classes, including yoga, Pilates, and aqua aerobics. Gainsborough Health Club & Spa - This fitness club offers a range of classes, including spinning, circuit training, and body combat. Studio 41 - This boutique fitness studio offers a range of group fitness classes, including barre, Pilates, and TRX. It's worth checking out the websites or social media pages of these gyms and studios to see what classes they offer, and to find one that suits your schedule and fitness preferences."
    ],
    "context": [
        ""
    ]
 }
]
}


