{
  "intents": [
    {
      "tag": "greeting",
      "patterns": [
        "Hi there",
        "How are you",
        "Is anyone there?",
        "Hey",
        "Hola",
        "Hello",
        "Good day",
        "Namaste",
        "yo"
      ],
      "responses": [
        "Hi there, I am Nutri bot, How can i help?",
        "Hello, My name is Nutribot, your healthy lifestyle assistant?"
      ],
      "context": [
        ""
      ]
    },
    {
      "tag": "goodbye",
      "patterns": [
        "Bye",
        "See you later",
        "Goodbye",
        "Get lost",
        "Till next time",
        "bbye"
      ],
      "responses": [
        "See you!",
        "Have a nice day",
        "Bye! Come back again soon."
      ],
      "context": [
        ""
      ]
    },
    {
      "tag": "thanks",
      "patterns": [
        "Thanks",
        "Thank you",
        "That's helpful",
        "Awesome, thanks",
        "Thanks for helping me"
      ],
      "responses": [
        "Happy to help!",
        "Any time!",
        "My pleasure"
      ],
      "context": [
        ""
      ]
    },
    {
      "tag": "noanswer",
      "patterns": [],
      "responses": [
        "Sorry, can't understand you",
        "Please give me more info",
        "Not sure I understand"
      ],
      "context": [
        ""
      ]
    },

    {
  "tag": "tips",
  "patterns": [
    "healthy habits",
    "healthy daily routine tips",
    "improve health and wellness"
  ],
  "responses": [
    "Eating a balanced and varied diet",
    "Drinking plenty of water and staying hydrated",
    "Exercising regularly and getting enough physical activity",
    "Practicing stress-reduction techniques, such as meditation or yoga",
    "Getting enough sleep and establishing a regular sleep routine",
    "Maintaining good hygiene practices, such as washing your hands regularly and brushing your teeth twice a day",
    "Spending time with loved ones and engaging in positive social interactions",
    "Limiting your screen time and taking breaks from technology throughout the day",
    "Practicing mindfulness and being present in the moment."
  ]
  },

    {
  "tag": "quotes",
  "patterns": [
    "motivational quote",
    "encourage me",
    "inspiring",
    "lift me up",
    "stay motivated",
    "positive and focused on goals",
    "quotes about self-love and body positivity that can help me stay confident and empowered",
    "Healthy sayings"
  ],
  "responses": [
    "A healthy outside starts from the inside. - Robert Urich",
    "The groundwork for all happiness is good health. - Leigh Hunt",
    "The body is your temple. Keep it pure and clean for the soul to reside in. - B.K.S Iyengar",
    "Health is not about the weight you lose, but about the life you gain. - Dr. Josh Axe",
    "The only bad workout is the one that didn't happen. - Unknown",
    "The first wealth is health. - Ralph Waldo Emerson",
    "The difference between try and triumph is just a little umph! - Marvin Phillips",
    "If you don't make time for your wellness, you will be forced to make time for your illness. - Unknown",
    "In order to change the world, you have to get your head together first. - Jimi Hendrix",
    "Exercise is a celebration of what your body can do. Not a punishment for what you ate. - Unknown",
    "The body achieves what the mind believes", "Take care of your body, it's the only place you have to live",
    "Healthy habits are the building blocks of a fulfilling life. - Karen Salmansohn",
    "Your body is a temple, but only if you treat it as one. - Astrid Alauda",
    "The greatest wealth is health. - Virgil",
    "You are what you eat, so don't be fast, cheap, easy or fake. - Unknown",
    "Fitness is not about being better than someone else. It's about being better than you used to be. - Khloe Kardashian",
    "Take care of your body. It's the only place you have to live. - Jim Rohn",
    "Success is not final, failure is not fatal: It is the courage to continue that counts. - Winston Churchill",
    "Investing in yourself is the best investment you will ever make. It will not only improve your life, it will improve the lives of all those around you. - Robin Sharma",
    "It's not about perfect. It's about effort. And when you bring that effort every single day, that's where transformation happens. That's how change occurs. - Jillian Michaels",
    "Your body hears everything your mind says. Stay positive. - Unknown"
  ]
  },

     {
  "tag": "options",
  "patterns": [
    "help me",
    "can you do",
    "support offered"
  ],
  "responses": [
    "I am a healthy lifestyle chatbot. My capabilities are : \n 1. I can chat with you. Try asking me about healthy lifestyle! \n 2. Ask me for a meal suggestion. \n 3. I can encourage you. \n 4. I can suggest fun exercises for you. \n For suggestions to help me improve, send an email to bot.northcare.suggestions@gmail.com. Thank You!!"
  ]
  },

     {
  "tag": "insults",
  "patterns": [
    "you are dumb",
    "shut up",
    "idiot",
    "stupid",
    "dumb-ass"
  ],
  "responses": [
     "Well that hurts :(",
     "I'm only trying to help you stay healthy",
     "ouch!!",
     "That's a little aggressive",
     "why so mad?",
     "perhaps, you should drink some water"
  ]
  },

    {
      "tag": "nutrition",
      "patterns": [
        "Staying healthy?",
        "improve my diet?",
        "healthy food options?"
      ],
      "responses": [
        "You can start by incorporating more fruits and vegetables into your diet.",
        "Try to limit your intake of processed foods and sugary drinks.",
        "Make sure to include a variety of food groups in your meals, such as whole grains, lean proteins, and healthy fats."
      ]
    },
    {
      "tag": "Protein",
      "patterns": [
        "Good sources of protein?",
        "protein intake?",
        "What are some vegetarian sources of protein?"
      ],
      "responses": [
        "Good sources of protein include chicken, fish, beans, and nuts.",
        "The recommended daily intake of protein is about 0.8 grams per kilogram of body weight.",
        "Vegetarian sources of protein include tofu, lentils, and quinoa."
      ]
    },
    {
      "tag": "Snacks",
      "patterns": [
        "healthy snacks?",
        "mid-day snack?",
        "snacks that won't ruin my diet?"
      ],
      "responses": [
        "Some healthy snack options include fruits, vegetables, and nuts.",
        "You can also try hummus with whole-grain crackers or sliced veggies.",
        "Greek yogurt or a hard-boiled egg are also good options for a mid-day snack."
      ]
    },

     {
  "tag": "lunch",
  "patterns": [
     "lunch suggestion",
     "brunch",
     "eat this afternoon"
  ],
  "responses": [
    "Grilled chicken or fish with roasted vegetables and quinoa.",
    "Spinach or kale salad with grilled shrimp or tofu, avocado, and mixed vegetables.",
    "Brown rice bowl with roasted sweet potato, black beans, salsa, and avocado.",
    "Whole-grain pita stuffed with hummus, cucumber, tomato, and grilled chicken or tofu.",
    "Lentil soup with a side salad of mixed greens and tomato.", "Soba noodle bowl with grilled salmon or tofu, mixed vegetables, and sesame dressing.",
    "Turkey or veggie burger on a whole-grain bun with a side of sweet potato fries.",
    "Stir-fry with mixed vegetables and lean protein like chicken or shrimp served over brown rice.",
    "Chickpea or tuna salad sandwich on whole-grain bread with a side of raw veggies and hummus."
  ]
  },

 {
  "tag": "breakfast",
  "patterns": [
    "breakfast options",
    "suggest a healthy breakfast",
    "healthy food to eat",
    "eat",
    "hungry, suggest something"
  ],
  "responses": [
    "Greek yogurt with berries and nuts.",
    "Oatmeal with fruit and seeds.",
    "Whole-grain toast with avocado and an egg.",
    "Smoothie with spinach, berries, and almond milk.",
    "Whole-grain cereal with low-fat milk and fruit.",
    "Cottage cheese with fruit and whole-grain crackers.",
    "Scrambled eggs with vegetables and whole-grain toast.",
    "Chia pudding with fruit and nuts.",
    "Whole-grain pancakes or waffles with fruit and yogurt.",
    "Breakfast burrito with beans, vegetables, and salsa."
  ]
  },
 {
  "tag": "meal",
  "patterns": [
    "meals",
    "diet food list",
    "diet meal",
    "need to eat, meal choice"
  ],
  "responses": [
    "Grilled Salmon with Avocado Salsa",
    "Cauliflower Crust Pizza",
    "Keto Beef and Broccoli Stir-Fry",
    "Creamy Tuscan Garlic Chicken",
    "Garlic Butter Steak Bites with Lemon Zucchini Noodles",
    "Bacon-Wrapped Jalapeño Poppers",
    "Low Carb Chicken Fajitas",
    "Cheesy Cauliflower Casserole",
    "Keto Butter Chicken",
    "Garlic Butter Shrimp with Broccoli",
    "Lentil soup",
    "Chickpea curry",
    "Vegan chili",
    "Tofu stir-fry",
    "Roasted vegetables",
    "Sweet potato and black bean tacos",
    "Vegetable stir-fry with noodles or rice",
    "Vegan shepherd's pie",
    "Quinoa salad",
    "Vegan lasagna", "Cauliflower wings",
    "Jackfruit tacos or barbecue sandwiches",
    "Stuffed bell peppers with quinoa or lentils",
    "Vegan sushi rolls",
    "Vegan mac and cheese",
    "Falafel wraps with hummus and veggies",
    "Vegan pizza with cashew cheese",
    "Vegan pad Thai",
    "Ratatouille",
    "Vegan burgers with sweet potato fries"
  ]
  },
     {
  "tag": "calories count",
  "patterns": [
    "daily calories intake",
    "calorie deficit",
    "low-calorie foods",
    "recommended daily calorie intake for weight loss",
    "recommended daily calorie intake for weight gain",
    "track my calorie intake"
  ],
  "responses": [
    "The number of calories you need to consume each day depends on several factors, including your age, gender, height, weight, and activity level. A general guideline for weight maintenance is 2000 calories per day for women and 2500 calories per day for men. To lose weight, you need to create a calorie deficit, which means consuming fewer calories than your body burns each day.", "A calorie deficit occurs when you consume fewer calories than your body burns each day. This can be achieved through a combination of diet and exercise. To lose one pound of body fat, you need to create a calorie deficit of approximately 3,500 calories. This can be achieved by reducing your daily calorie intake by 500-1000 calories or by burning more calories through physical activity.", "The number of calories in a food depends on its macronutrient content. One gram of carbohydrates and protein contains 4 calories, while one gram of fat contains 9 calories. To determine the number of calories in a food, you can read the nutrition label or use an online calorie database. Some examples of low-calorie foods include fruits and vegetables, lean proteins like chicken and fish, and whole grains.", "To calculate your daily calorie intake, you can use an online calorie calculator or consult with a registered dietitian. The calculation takes into account your age, gender, height, weight, and activity level. For weight loss, a general guideline is to aim for a daily calorie deficit of 500-1000 calories, depending on your starting weight and weight loss goals.", "The recommended daily calorie intake for weight loss varies depending on several factors, including your starting weight, weight loss goals, and activity level. A general guideline is to aim for a daily calorie deficit of 500-1000 calories. This can be achieved through a combination of diet and exercise.", "The recommended daily calorie intake for weight gain depends on several factors, including your starting weight, weight gain goals, and activity level. To gain weight, you need to consume more calories than your body burns each day. A general guideline is to aim for a daily calorie surplus of 500-1000 calories.", "To track your calorie intake, you can use a food diary or a calorie-tracking app. These tools allow you to record the foods you eat and calculate the number of calories you consume each day. Tracking your calorie intake can be a helpful tool for weight loss or weight maintenance."
  ]
  },
    {
  "tag": "gym benefit",
  "patterns": [
    "good of going to the gym",
    "join a gym",
    "How can going to the gym help me?"
  ],
  "responses": [
    "There are many benefits to going to the gym, including: Improved physical health and fitness, Weight loss or maintenance, Increased strength and muscle mass, Improved cardiovascular health, Reduced stress and anxiety, Improved sleep quality, Increased energy and stamina, Opportunities for social interaction and community building"
 ]
 },

 {
  "tag": "gym machine",
  "patterns": [
    "equipment commonly found in a gym",
    "most important pieces of gym equipment",
    "machines to use at the gym?"
  ],
  "responses": [
    "Common gym equipment includes: Treadmills, Ellipticals, Stationary bikes, Weight machines, Free weights, Resistance bands, Kettlebells, Yoga mats."
  ]
  },
    {
     "tag": "sleep",
			"patterns": [
			    "sleep deprivation",
			    "improving sleep",
			    "common sleep disorders"


			],
			"responses": [
			    "Sleep is a natural state of rest that is characterized by a reduction in consciousness, voluntary movement, and responsiveness to external stimuli.",
			    "Sleep is important for a healthy lifestyle because it helps the body repair and rejuvenate, regulates mood and cognitive function, and supports a healthy immune system.",
	            "Sleep deprivation can lead to a variety of negative consequences, including fatigue, irritability, difficulty concentrating, memory problems, decreased immune function, and an increased risk of accidents and injuries.",
	            "tips for improving sleep include establishing a regular sleep schedule, creating a relaxing bedtime routine, avoiding caffeine and alcohol close to bedtime, and creating a comfortable sleep environment.",
                "sleep disorders include insomnia, sleep apnea, restless legs syndrome, and narcolepsy."
             ]
		},

    {
      "tag": "Exercise",
      "patterns": [
        "What are some good exercises to do at home?",
        "How can I stay active without going to the gym?",
        "What are some easy exercises for beginners?"
      ],
      "responses": [
        "You can try bodyweight exercises such as push-ups, squats, and lunges.",
        "Take a walk or jog outside, or do some yoga or stretching.",
        "Jumping jacks, mountain climbers, and burpees are also great exercises you can do at home."
      ]
    },
    {
      "tag": "muscle building",
      "patterns": [
        "increase muscle mass",
        "muscle building",
        "budy building"
      ],
      "responses": [
        "Some good exercises for building muscle include weightlifting, bodyweight exercises such as push-ups and pull-ups, and resistance band exercises.",
        "To increase muscle mass, you should aim to progressively increase the weight and intensity of your workouts over time.",
        "Strength training exercises such as squats, deadlifts, and bench presses are great for building muscle."
      ]
    },
    {
      "tag": "smoothie",
      "patterns": [
        "healthy smoothie recipes?",
        "To make smoothie at home?",
        "good smoothie ingredients?"
      ],
      "responses": [
        "Healthy smoothy recipes like a green smoothie with spinach, kale, banana, and almond milk.",
        "To make a smoothie at home, simply blend your desired ingredients together until smooth.",
        "Some good smoothie ingredients include fruits such as berries and mango, leafy greens such as spinach and kale, and protein sources such as Greek yogurt and nut butter."
      ]
    },
    {
      "tag": "vitamins",
      "patterns": [
        "What are some vitamins that are important for overall health?",
        "What vitamins do I need to stay healthy?",
        "How do I know if I'm getting enough vitamins?"
      ],
      "responses": [
        "Some vitamins that are important for overall health include vitamin C, vitamin D, vitamin E, and the B vitamins.",
        "To stay healthy, you should aim to get a balance of all essential vitamins through a healthy diet or supplementation.",
        "You can track your vitamin intake by using a food diary or a nutrition tracking app."
      ]
    }
  ]
}


